key,registrationMoment,email,description,type,draftMode,key:assistanceAgent,key:leg
#registrationMoment
Claim-01,2012/07/02 0:00,acme@lorem-ipsum.org,Lorem ipsum dolor sit amet. consectetur adipiscing elit. Sed do: eiusmod tempor incididunt ut labore et dolore magna aliqua! Ut*,FLIGHT_ISSUES,false,assistanceAgent-01,leg-39
Claim-02,2000/01/01 0:01,acme@lorem-ipsum.org,Lorem ipsum dolor sit amet. consectetur adipiscing elit. Sed do: eiusmod tempor incididunt ut labore et dolore magna aliqua! Ut*,FLIGHT_ISSUES,false,assistanceAgent-01,leg-39
Claim-03,2000/01/01 0:02,acme@lorem-ipsum.org,Lorem ipsum dolor sit amet. consectetur adipiscing elit. Sed do: eiusmod tempor incididunt ut labore et dolore magna aliqua! Ut*,FLIGHT_ISSUES,true,assistanceAgent-01,leg-39
Claim-04,2024/12/31 23:59,acme@lorem-ipsum.org,Lorem ipsum dolor sit amet. consectetur adipiscing elit. Sed do: eiusmod tempor incididunt ut labore et dolore magna aliqua! Ut*,FLIGHT_ISSUES,true,assistanceAgent-01,leg-33
Claim-05,2025/01/01 0:00,acme@lorem-ipsum.org,Lorem ipsum dolor sit amet. consectetur adipiscing elit. Sed do: eiusmod tempor incididunt ut labore et dolore magna aliqua! Ut*,FLIGHT_ISSUES,true,assistanceAgent-01,leg-33
#passengerEmail
Claim-06,2024/08/01 0:00,acme@lorem-ipsum.org,Lorem ipsum dolor sit amet. consectetur adipiscing elit. Sed do: eiusmod tempor incididunt ut labore et dolore magna aliqua! Ut*,FLIGHT_ISSUES,true,assistanceAgent-01,leg-33
Claim-07,2024/08/01 0:00,acme.password@lorem-ipsum.org,Lorem ipsum dolor sit amet. consectetur adipiscing elit. Sed do: eiusmod tempor incididunt ut labore et dolore magna aliqua! Ut*,FLIGHT_ISSUES,true,assistanceAgent-01,leg-33
Claim-08,2024/08/01 0:00,a@b.e,Lorem ipsum dolor sit amet. consectetur adipiscing elit. Sed do: eiusmod tempor incididunt ut labore et dolore magna aliqua! Ut*,FLIGHT_ISSUES,true,assistanceAgent-01,leg-33
Claim-09,2024/08/01 0:00,a@b.es,Lorem ipsum dolor sit amet. consectetur adipiscing elit. Sed do: eiusmod tempor incididunt ut labore et dolore magna aliqua! Ut*,FLIGHT_ISSUES,true,assistanceAgent-01,leg-33
Claim-10,2024/08/01 0:00,a@b.esx,Lorem ipsum dolor sit amet. consectetur adipiscing elit. Sed do: eiusmod tempor incididunt ut labore et dolore magna aliqua! Ut*,FLIGHT_ISSUES,true,assistanceAgent-01,leg-33
Claim-11,2024/08/01 0:00,lorem-ipsum@dolor.sit.amet.consectetur.adipiscing.elit.sed.do.eiusmod.tempor.incididunt.ut.labore.et.dolore.magna.aliqua.Ut.enim.ad.minim.veniam.quis.nostrud.exercitation.ullamco.laboris.nisi.ut.aliquip.ex.ea.commodo.consequat.duis.aute.irure.doloris.edu,Lorem ipsum dolor sit amet. consectetur adipiscing elit. Sed do: eiusmod tempor incididunt ut labore et dolore magna aliqua! Ut*,FLIGHT_ISSUES,true,assistanceAgent-01,leg-33
Claim-12,2024/08/01 0:00,lorem-ipsum@dolor.sit.amet.consectetur.adipiscing.elit.sed.do.eiusmod.tempor.incididunt.ut.labore.et.dolore.magna.aliqua.Ut.enim.ad.minim.veniam.quis.nostrud.exercitation.ullamco.laboris.nisi.ut.aliquip.ex.ea.commodo.consequat.duis.aute.irure.dolor.es.org,Lorem ipsum dolor sit amet. consectetur adipiscing elit. Sed do: eiusmod tempor incididunt ut labore et dolore magna aliqua! Ut*,FLIGHT_ISSUES,true,assistanceAgent-01,leg-33
#description
Claim-13,2024/08/01 0:00,acme@lorem-ipsum.org,Lorem ipsum dolor sit amet. consectetur adipiscing elit. Sed do: eiusmod tempor incididunt ut labore et dolore magna aliqua! Ut*,FLIGHT_ISSUES,true,assistanceAgent-01,leg-33
Claim-14,2024/08/01 0:00,acme@lorem-ipsum.org,L,FLIGHT_ISSUES,true,assistanceAgent-01,leg-33
Claim-15,2024/08/01 0:00,acme@lorem-ipsum.org,Lo,FLIGHT_ISSUES,true,assistanceAgent-01,leg-33
Claim-16,2024/08/01 0:00,acme@lorem-ipsum.org,Lorem ipsum dolor sit amet. consectetur adipiscing elit. Sed do: eiusmod tempor incididunt ut labore et dolore magna aliqua! Ut enim ad minim veniam? Quis nostrud exercitation ullamco laboris nisi ut aliquip ex ea commodo consequat. Duis aute irure dolor,FLIGHT_ISSUES,true,assistanceAgent-01,leg-33
Claim-17,2024/08/01 0:00,acme@lorem-ipsum.org,Lorem ipsum dolor sit amet. consectetur adipiscing elit. Sed do: eiusmod tempor incididunt ut labore et dolore magna aliqua! Ut enim ad minim veniam? Quis nostrud exercitation ullamco laboris nisi ut aliquip ex ea commodo consequat. Duis aute irure dolor*,FLIGHT_ISSUES,true,assistanceAgent-01,leg-33
Claim-29,2024/08/01 0:00,acme@lorem-ipsum.org,โลเร็ม อิปซัม,FLIGHT_ISSUES,true,assistanceAgent-01,leg-33
Claim-30,2024/08/01 0:00,acme@lorem-ipsum.org,لوريم إيبسوم,FLIGHT_ISSUES,true,assistanceAgent-01,leg-33
Claim-31,2024/08/01 0:00,acme@lorem-ipsum.org,洛伦·伊普森,FLIGHT_ISSUES,true,assistanceAgent-01,leg-33
Claim-32,2024/08/01 0:00,acme@lorem-ipsum.org,<marquee>Hacked</marquee>,FLIGHT_ISSUES,true,assistanceAgent-01,leg-33
Claim-33,2024/08/01 0:00,acme@lorem-ipsum.org,<script>alert(‘Hacked!’);</script>,FLIGHT_ISSUES,true,assistanceAgent-01,leg-33
Claim-34,2024/08/01 0:00,acme@lorem-ipsum.org,' or 'A' = 'A,FLIGHT_ISSUES,true,assistanceAgent-01,leg-33
#type
Claim-18,2024/08/01 0:00,acme@lorem-ipsum.org,Lorem ipsum dolor sit amet. consectetur adipiscing elit. Sed do: eiusmod tempor incididunt ut labore et dolore magna aliqua! Ut*,FLIGHT_ISSUES,true,assistanceAgent-01,leg-33
Claim-19,2024/08/01 0:00,acme@lorem-ipsum.org,Lorem ipsum dolor sit amet. consectetur adipiscing elit. Sed do: eiusmod tempor incididunt ut labore et dolore magna aliqua! Ut*,LUGGAGE_ISSUES,true,assistanceAgent-01,leg-33
Claim-20,2024/08/01 0:00,acme@lorem-ipsum.org,Lorem ipsum dolor sit amet. consectetur adipiscing elit. Sed do: eiusmod tempor incididunt ut labore et dolore magna aliqua! Ut*,SECURITY_INCIDENT,true,assistanceAgent-01,leg-33
Claim-21,2024/08/01 0:00,acme@lorem-ipsum.org,Lorem ipsum dolor sit amet. consectetur adipiscing elit. Sed do: eiusmod tempor incididunt ut labore et dolore magna aliqua! Ut*,OTHER_ISSUES,true,assistanceAgent-01,leg-33
#key:assistanceAgent
Claim-22,2024/08/01 0:00,acme@lorem-ipsum.org,Lorem ipsum dolor sit amet. consectetur adipiscing elit. Sed do: eiusmod tempor incididunt ut labore et dolore magna aliqua! Ut*,FLIGHT_ISSUES,true,assistanceAgent-02,leg-33
Claim-23,2024/08/01 0:00,acme@lorem-ipsum.org,Lorem ipsum dolor sit amet. consectetur adipiscing elit. Sed do: eiusmod tempor incididunt ut labore et dolore magna aliqua! Ut*,FLIGHT_ISSUES,false,assistanceAgent-04,leg-33
Claim-24,2024/08/01 0:00,acme@lorem-ipsum.org,Lorem ipsum dolor sit amet. consectetur adipiscing elit. Sed do: eiusmod tempor incididunt ut labore et dolore magna aliqua! Ut*,FLIGHT_ISSUES,false,assistanceAgent-05,leg-33
#draftmode
Claim-25,2024/08/01 0:00,acme@lorem-ipsum.org,Lorem ipsum dolor sit amet. consectetur adipiscing elit. Sed do: eiusmod tempor incididunt ut labore et dolore magna aliqua! Ut*,FLIGHT_ISSUES,true,assistanceAgent-03,leg-33
Claim-26,2024/08/01 0:00,acme@lorem-ipsum.org,Lorem ipsum dolor sit amet. consectetur adipiscing elit. Sed do: eiusmod tempor incididunt ut labore et dolore magna aliqua! Ut*,FLIGHT_ISSUES,false,assistanceAgent-01,leg-33
#key:leg
Claim-28,2024/08/01 0:00,acme@lorem-ipsum.org,Lorem ipsum dolor sit amet. consectetur adipiscing elit. Sed do: eiusmod tempor incididunt ut labore et dolore magna aliqua! Ut*,FLIGHT_ISSUES,false,assistanceAgent-01,leg-33
Claim-35,2024/08/01 0:00,acme@lorem-ipsum.org,Lorem ipsum dolor sit amet. consectetur adipiscing elit. Sed do: eiusmod tempor incididunt ut labore et dolore magna aliqua! Ut*,FLIGHT_ISSUES,false,assistanceAgent-01,leg-34
#extraCases
Claim-36,2000/01/01 0:01,acme1@lorem-ipsum.org,Lorem ipsum dolor sit amet. consectetur adipiscing elit. Sed do: eiusmod tempor incididunt ut labore et dolore magna aliqua! Ut*,FLIGHT_ISSUES,false,assistanceAgent-01,leg-40
Claim-37,2000/01/01 0:01,acme2@lorem-ipsum.org,Lorem ipsum dolor sit amet. consectetur adipiscing elit. Sed do: eiusmod tempor incididunt ut labore et dolore magna aliqua! Ut*,FLIGHT_ISSUES,false,assistanceAgent-01,leg-40
Claim-38,2000/01/01 0:01,acme3@lorem-ipsum.org,Lorem ipsum dolor sit amet. consectetur adipiscing elit. Sed do: eiusmod tempor incididunt ut labore et dolore magna aliqua! Ut*,FLIGHT_ISSUES,false,assistanceAgent-01,leg-40
Claim-39,2024/08/01 0:00,acme4@lorem-ipsum.org,Lorem ipsum dolor sit amet. consectetur adipiscing elit. Sed do: eiusmod tempor incididunt ut labore et dolore magna aliqua! Ut*,FLIGHT_ISSUES,false,assistanceAgent-01,leg-40
Claim-40,2024/08/01 0:00,acme5@lorem-ipsum.org,Lorem ipsum dolor sit amet. consectetur adipiscing elit. Sed do: eiusmod tempor incididunt ut labore et dolore magna aliqua! Ut*,FLIGHT_ISSUES,false,assistanceAgent-01,leg-40
Claim-41,2024/08/01 0:00,acme6@lorem-ipsum.org,Lorem ipsum dolor sit amet. consectetur adipiscing elit. Sed do: eiusmod tempor incididunt ut labore et dolore magna aliqua! Ut*,FLIGHT_ISSUES,false,assistanceAgent-01,leg-40
Claim-42,2024/08/01 0:00,acme7@lorem-ipsum.org,Lorem ipsum dolor sit amet. consectetur adipiscing elit. Sed do: eiusmod tempor incididunt ut labore et dolore magna aliqua! Ut*,FLIGHT_ISSUES,false,assistanceAgent-01,leg-40
Claim-43,2024/08/01 0:00,acme8@lorem-ipsum.org,Lorem ipsum dolor sit amet. consectetur adipiscing elit. Sed do: eiusmod tempor incididunt ut labore et dolore magna aliqua! Ut*,FLIGHT_ISSUES,false,assistanceAgent-01,leg-40
Claim-44,2024/08/01 0:00,acme9@lorem-ipsum.org,Lorem ipsum dolor sit amet. consectetur adipiscing elit. Sed do: eiusmod tempor incididunt ut labore et dolore magna aliqua! Ut*,FLIGHT_ISSUES,false,assistanceAgent-01,leg-40
Claim-45,2024/08/01 0:00,acme10@lorem-ipsum.org,Lorem ipsum dolor sit amet. consectetur adipiscing elit. Sed do: eiusmod tempor incididunt ut labore et dolore magna aliqua! Ut*,FLIGHT_ISSUES,false,assistanceAgent-01,leg-40
Claim-46,2024/08/01 0:00,acme11@lorem-ipsum.org,Lorem ipsum dolor sit amet. consectetur adipiscing elit. Sed do: eiusmod tempor incididunt ut labore et dolore magna aliqua! Ut*,FLIGHT_ISSUES,false,assistanceAgent-01,leg-40
Claim-47,2024/08/01 0:00,acme12@lorem-ipsum.org,Lorem ipsum dolor sit amet. consectetur adipiscing elit. Sed do: eiusmod tempor incididunt ut labore et dolore magna aliqua! Ut*,FLIGHT_ISSUES,false,assistanceAgent-01,leg-40
Claim-48,2024/08/01 0:00,acme13@lorem-ipsum.org,Lorem ipsum dolor sit amet. consectetur adipiscing elit. Sed do: eiusmod tempor incididunt ut labore et dolore magna aliqua! Ut*,FLIGHT_ISSUES,false,assistanceAgent-01,leg-40
Claim-49,2024/08/01 0:00,acme14@lorem-ipsum.org,Lorem ipsum dolor sit amet. consectetur adipiscing elit. Sed do: eiusmod tempor incididunt ut labore et dolore magna aliqua! Ut*,FLIGHT_ISSUES,false,assistanceAgent-01,leg-40
Claim-50,2024/08/01 0:00,acme15@lorem-ipsum.org,Lorem ipsum dolor sit amet. consectetur adipiscing elit. Sed do: eiusmod tempor incididunt ut labore et dolore magna aliqua! Ut*,FLIGHT_ISSUES,false,assistanceAgent-01,leg-40
Claim-51,2024/08/01 0:00,acme16@lorem-ipsum.org,Lorem ipsum dolor sit amet. consectetur adipiscing elit. Sed do: eiusmod tempor incididunt ut labore et dolore magna aliqua! Ut*,FLIGHT_ISSUES,false,assistanceAgent-01,leg-40
Claim-52,2024/08/01 0:00,acme17@lorem-ipsum.org,Lorem ipsum dolor sit amet. consectetur adipiscing elit. Sed do: eiusmod tempor incididunt ut labore et dolore magna aliqua! Ut*,FLIGHT_ISSUES,false,assistanceAgent-01,leg-40
Claim-53,2024/08/01 0:00,acme18@lorem-ipsum.org,Lorem ipsum dolor sit amet. consectetur adipiscing elit. Sed do: eiusmod tempor incididunt ut labore et dolore magna aliqua! Ut*,FLIGHT_ISSUES,false,assistanceAgent-01,leg-40
Claim-54,2024/08/01 0:00,acme19@lorem-ipsum.org,Lorem ipsum dolor sit amet. consectetur adipiscing elit. Sed do: eiusmod tempor incididunt ut labore et dolore magna aliqua! Ut*,FLIGHT_ISSUES,false,assistanceAgent-01,leg-40
Claim-55,2024/08/01 0:00,acme20@lorem-ipsum.org,Lorem ipsum dolor sit amet. consectetur adipiscing elit. Sed do: eiusmod tempor incididunt ut labore et dolore magna aliqua! Ut*,FLIGHT_ISSUES,false,assistanceAgent-01,leg-40
Claim-56,2024/08/01 0:00,acme21@lorem-ipsum.org,Lorem ipsum dolor sit amet. consectetur adipiscing elit. Sed do: eiusmod tempor incididunt ut labore et dolore magna aliqua! Ut*,FLIGHT_ISSUES,false,assistanceAgent-01,leg-40
Claim-57,2024/08/01 0:00,acme22@lorem-ipsum.org,Lorem ipsum dolor sit amet. consectetur adipiscing elit. Sed do: eiusmod tempor incididunt ut labore et dolore magna aliqua! Ut*,FLIGHT_ISSUES,false,assistanceAgent-01,leg-40
Claim-58,2024/08/01 0:00,acme23@lorem-ipsum.org,Lorem ipsum dolor sit amet. consectetur adipiscing elit. Sed do: eiusmod tempor incididunt ut labore et dolore magna aliqua! Ut*,FLIGHT_ISSUES,false,assistanceAgent-01,leg-40
Claim-59,2024/08/01 0:00,acme24@lorem-ipsum.org,Lorem ipsum dolor sit amet. consectetur adipiscing elit. Sed do: eiusmod tempor incididunt ut labore et dolore magna aliqua! Ut*,FLIGHT_ISSUES,false,assistanceAgent-01,leg-40
Claim-60,2024/08/01 0:00,acme25@lorem-ipsum.org,Lorem ipsum dolor sit amet. consectetur adipiscing elit. Sed do: eiusmod tempor incididunt ut labore et dolore magna aliqua! Ut*,FLIGHT_ISSUES,false,assistanceAgent-01,leg-40
Claim-61,2024/08/01 0:00,acme26@lorem-ipsum.org,Lorem ipsum dolor sit amet. consectetur adipiscing elit. Sed do: eiusmod tempor incididunt ut labore et dolore magna aliqua! Ut*,FLIGHT_ISSUES,false,assistanceAgent-01,leg-40
Claim-62,2024/08/01 0:00,acme27@lorem-ipsum.org,Lorem ipsum dolor sit amet. consectetur adipiscing elit. Sed do: eiusmod tempor incididunt ut labore et dolore magna aliqua! Ut*,FLIGHT_ISSUES,false,assistanceAgent-01,leg-40
Claim-63,2024/08/01 0:00,acme28@lorem-ipsum.org,Lorem ipsum dolor sit amet. consectetur adipiscing elit. Sed do: eiusmod tempor incididunt ut labore et dolore magna aliqua! Ut*,FLIGHT_ISSUES,false,assistanceAgent-01,leg-40
Claim-64,2024/08/01 0:00,acme29@lorem-ipsum.org,Lorem ipsum dolor sit amet. consectetur adipiscing elit. Sed do: eiusmod tempor incididunt ut labore et dolore magna aliqua! Ut*,FLIGHT_ISSUES,false,assistanceAgent-01,leg-40
Claim-65,2024/08/01 0:00,acme30@lorem-ipsum.org,Lorem ipsum dolor sit amet. consectetur adipiscing elit. Sed do: eiusmod tempor incididunt ut labore et dolore magna aliqua! Ut*,FLIGHT_ISSUES,false,assistanceAgent-01,leg-40
Claim-66,2024/08/01 0:00,acme31@lorem-ipsum.org,Lorem ipsum dolor sit amet. consectetur adipiscing elit. Sed do: eiusmod tempor incididunt ut labore et dolore magna aliqua! Ut*,FLIGHT_ISSUES,false,assistanceAgent-01,leg-40
Claim-67,2024/08/01 0:00,acme32@lorem-ipsum.org,Lorem ipsum dolor sit amet. consectetur adipiscing elit. Sed do: eiusmod tempor incididunt ut labore et dolore magna aliqua! Ut*,FLIGHT_ISSUES,false,assistanceAgent-01,leg-40
Claim-68,2024/08/01 0:00,acme33@lorem-ipsum.org,Lorem ipsum dolor sit amet. consectetur adipiscing elit. Sed do: eiusmod tempor incididunt ut labore et dolore magna aliqua! Ut*,FLIGHT_ISSUES,false,assistanceAgent-01,leg-40
Claim-69,2024/08/01 0:00,acme34@lorem-ipsum.org,Lorem ipsum dolor sit amet. consectetur adipiscing elit. Sed do: eiusmod tempor incididunt ut labore et dolore magna aliqua! Ut*,FLIGHT_ISSUES,false,assistanceAgent-01,leg-40
Claim-70,2024/08/01 0:00,acme35@lorem-ipsum.org,Lorem ipsum dolor sit amet. consectetur adipiscing elit. Sed do: eiusmod tempor incididunt ut labore et dolore magna aliqua! Ut*,FLIGHT_ISSUES,false,assistanceAgent-01,leg-40
Claim-71,2024/08/01 0:00,acme36@lorem-ipsum.org,Lorem ipsum dolor sit amet. consectetur adipiscing elit. Sed do: eiusmod tempor incididunt ut labore et dolore magna aliqua! Ut*,FLIGHT_ISSUES,false,assistanceAgent-01,leg-40
Claim-72,2024/08/01 0:00,acme37@lorem-ipsum.org,Lorem ipsum dolor sit amet. consectetur adipiscing elit. Sed do: eiusmod tempor incididunt ut labore et dolore magna aliqua! Ut*,FLIGHT_ISSUES,false,assistanceAgent-01,leg-40
Claim-73,2024/08/01 0:00,acme38@lorem-ipsum.org,Lorem ipsum dolor sit amet. consectetur adipiscing elit. Sed do: eiusmod tempor incididunt ut labore et dolore magna aliqua! Ut*,FLIGHT_ISSUES,false,assistanceAgent-01,leg-40
Claim-74,2024/08/01 0:00,acme39@lorem-ipsum.org,Lorem ipsum dolor sit amet. consectetur adipiscing elit. Sed do: eiusmod tempor incididunt ut labore et dolore magna aliqua! Ut*,FLIGHT_ISSUES,false,assistanceAgent-01,leg-40